{
  "depth_analysis": {
    "8": {
      "alpha": 0.5313472172132923,
      "speedup": 0.25881036145767006,
      "eesd_time": 10.38118053492005,
      "ar_time": 2.686757086599987
    },
    "16": {
      "alpha": 0.5477570864794591,
      "speedup": 0.26406995312980314,
      "eesd_time": 10.174414221519992,
      "ar_time": 2.686757086599987
    },
    "22": {
      "alpha": 0.6098583448310212,
      "speedup": 0.2905380898448791,
      "eesd_time": 9.247520998139935,
      "ar_time": 2.686757086599987
    }
  },
  "morphological_analysis": {
    "other": {
      "accepted": 160,
      "total": 300,
      "alpha": 0.5333333333333333
    }
  }
}